,src,dst,index
0,cameroon,ree,2
1,ree,cameroon,2
2,antonioguterre,freesoutherncameroon,1
3,restorationnow,antonioguterre,1
4,deserve,determination,1
5,guanduania,deserve,1
6,guanduania,union,2
7,union,chaos,1
8,union,determination,1
9,ajenglish,freesoutherncameroon,1
10,cnnafrica,ajenglish,1
11,freeallareste,freesoutherncameroon,1
12,god,freeallareste,1
13,cop0ndqodbhb,voice,1
14,put,httpst,1
15,unhumanrights,cop0ndqodbhb,1
16,unhumanrights,put,1
17,find,leader,1
18,mariekhlaire,find,1
19,organicborder,leader,1
20,un,organicborder,1
21,gerrymubang,think,1
22,think,antonioguterre,1
23,biya,stop,1
24,stop,httpst,1
25,biya,freeallarreste,1
26,freeallarreste,freesoutherncameroon,1
27,un,wfp,1
28,wfp,freezama,1
29,hope,look,1
30,look,freesoutherncameroon,1
31,govern,time,2
32,u,govern,2
33,ambazonia,cookvfxzsefy,1
34,ambazonia,freeallarreste,2
35,cookvfxzsefy,httpst,1
36,freeallarreste,httpst,2
37,pmofcanada,want,1
38,want,freesoutherncameroon,1
39,cnni,freeallarreste,1
40,freeallarreste,freesoutherncameroon,1
41,god,incapacite,1
42,god,save,1
43,incapacite,freesoutherncameroon,1
44,save,freesoutherncameroon,1
45,freeallarreste,freesoutherncameroon,1
46,julianasange,freeallarreste,1
47,htclevis,thank,1
48,zestysteelers,htclevis,1
49,tassang,watch,1
50,watch,httpst,1
51,freeallarreste,httpst,1
52,msnbc,freeallarreste,1
53,ghosttownscontinue,bringbackourinternet,1
54,kot,ghosttownscontinue,1
55,e,want,1
56,want,httpst,1
57,bbcbreake,form,1
58,kumbo,bbcbreake,1
59,achieve,72yrs,1
60,un,achieve,1
61,resolution1608,stopthegenocide,1
62,stopthegenocide,stopthekilling,1
63,antonioguterre,injustice,1
64,un,antonioguterre,1
65,bringbackourinternet,freeallarreste,1
66,freeallarreste,freenkongho,1
67,cnni,realdonaldtrump,1
68,realdonaldtrump,freesoutherncameroon,1
69,bringbackourinternet,freeallarreste,3
70,freeallarreste,httpst,3
71,go,paubiya,1
72,stoptalke,paubiya,1
73,un,go,1
74,un,stoptalke,1
75,add,intervention,1
76,ls,add,1
77,freeallarrrste,bundage,1
78,god,freeallarrrste,1
79,f,stand,1
80,stand,eucommission,1
81,ajenglish,httpst,1
82,cnnafrica,ajenglish,1
83,coituariisd1,httpst,1
84,prpaulbiya,coituariisd1,1
85,hrwdispatche,httpst,1
86,unhrc,hrwdispatche,1
87,ambazonia,co7vpgrx7vg2,1
88,co7vpgrx7vg2,httpst,1
89,add,killing,1
90,cameroon,add,1
91,atch,happen,2
92,happen,lawyer,2
93,declare,war,1
94,happen,ambazonia,1
95,paul,declare,1
96,paul,put,1
97,put,ambazonia,2
98,world,happen,1
99,world,put,1
100,love,resist,1
101,love,say,1
102,love,thank,1
103,love,wish,1
104,resist,ambazonia,1
105,say,presentation,1
106,thank,secessionist,1
107,wish,presentation,1
108,delay,case,2
109,ustice,delay,2
110,end,genocide,1
111,end,killing,2
112,iya,end,3
113,mbarakanamozo,remember,1
114,remember,stopgenocideonsoutherncameroonian,1
115,putinrfeng,school,1
116,school,freesoutherncameroon,1
117,crtvweb,freesoutherncameroon,1
118,prpaulbiya,crtvweb,1
119,get,independence,1
120,la,get,1
121,need,independence,1
122,unspokesperson,need,1
123,freeallarreste,httpst,1
124,theresamay,freeallarreste,1
125,stop,barberism,1
126,usa,stop,1
127,cut,killingsrape,1
128,internet,cut,1
129,freeallarreste,antonioguterre,1
130,iankiku,rise,1
131,restorationnow,freeallarreste,1
132,rise,antonioguterre,1
133,ambazonia,thank,2
134,thank,matthewleeicp,2
135,100s,jail,1
136,jail,ajstream,1
137,cotbdgdfxxya,school,2
138,hope,school,1
139,u,cotbdgdfxxya,2
140,u,hope,1
141,ambazonia,freeallarreste,1
142,freeallarreste,httpst,1
143,amnesty,mean,1
144,mean,httpst,1
145,newtgingrich,stop,1
146,stop,southerncameroon,1
147,coachkaymashfi1,tell,1
148,tell,genocide,1
149,ambazonia,realdonaldtrump,1
150,realdonaldtrump,africanunion,1
151,statedept,httpst,1
152,unhumanrights,statedept,1
153,innercitypress,prove,1
154,prove,freesoutherncameroon,1
155,continue,ambazonia,2
156,give,ambazonia,1
157,god,continue,2
158,god,give,1
159,un,want,1
160,want,war,1
161,ambazonia,freeallarreste,1
162,freeallarreste,httpst,1
163,attack,refuse,1
164,bbcafrica,refuse,1
165,refuse,httpst,1
166,refuse,school,1
167,apply,httpst,1
168,bringbackourinternet,apply,1
169,bringbackourinternet,freeallarreste,1
170,freeallarreste,httpst,1
171,commonwealthsec,go,1
172,go,statue,1
173,matter,ambazoniawillbefree,1
174,matter,carnage,1
175,mete,ambazoniawillbefree,1
176,un,matter,2
177,un,mete,1
178,commonwealthsec,handsoffourchurche,1
179,handsoffourchurche,httpst,1
180,biya,killerpresident,1
181,killerpresident,dictator,1
182,debraunhill,freeallarreste,1
183,freeallarreste,resist,1
184,ride,hand,2
185,scbctv,resist,1
186,sisikuayuktabe,ride,2
187,sisikuayuktabe,scbctv,1
188,biya,co6ezditenv4,1
189,biya,tell,1
190,co6ezditenv4,httpst,1
191,tell,httpst,1
192,ambazonia,freeallarreste,1
193,freeallarreste,httpst,2
194,un,freeallarreste,1
195,rwanda,take,1
196,take,freesoutherncameroon,1
197,dans,quelque,1
198,quelque,instant,1
199,miss,date,1
200,solomon,miss,1
201,freeallarreste,httpst,1
202,vp,freeallarreste,1
203,demiitarize,freesoutherncameroon,1
204,restorationnow,demiitarize,1
205,la,sing,1
206,le,sing,1
207,sing,trouble,2
208,happen,freesoutherncameroon,1
209,number10gov,happen,1
210,honwirbajoseph,relise,1
211,relise,courage,1
212,nigeria,send,2
213,send,freesoutherncameroon,1
214,send,scmr,1
215,cameroon,freedomfreedomfreedomweneed,1
216,freedomfreedomfreedomweneed,ajenglish,1
217,discuss,crisis,1
218,moussafakim,discuss,1
219,let,freesoutherncameroon,1
220,prpaulbiya,let,1
221,ay,rise,2
222,rise,bringbackourinternet,1
223,rise,freesoutherncameroon,1
224,lpine,plan,2
225,plan,version,2
226,send,condolence,1
227,unpga,send,1
228,bbcafrica,realdonaldtrump,1
229,realdonaldtrump,freesoutherncameroon,1
230,ajnewsgrid,justiceincameroon,1
231,cnni,ajnewsgrid,1
232,ambazonia,say,1
233,say,homeland,1
234,accept,bringbackourinternet,1
235,paulbiya,accept,1
236,paulbiya,stop,1
237,stop,bringbackourinternet,1
238,antonioguterre,httpst,2
239,god,antonioguterre,1
240,un,antonioguterre,1
241,insist,httpst,1
242,persist,insist,1
243,freeallarreste,boycottmtncameroon,1
244,ont,freeallarreste,1
245,ont,stop,1
246,stop,boycottmtncameroon,1
247,see,hypocrite,1
248,world,see,1
249,cnni,listen,1
250,listen,unhumanright,1
251,ee,paulbiya,1
252,paulbiya,freesoutherncameroon,1
253,freeallarreste,freesoutherncameroon,1
254,unhumanrights,freeallarreste,1
255,ambaexit,stop,2
256,baretanew,killing,1
257,stop,killing,2
258,tapangivo,baretanew,1
259,ambazonia,free,1
260,ambazonia,freeallarreste,1
261,ambazonia,invite,1
262,ambazonia,look,4
263,free,potus,1
264,freeallarreste,httpst,1
265,invite,potus,1
266,look,httpst,3
267,look,potus,1
268,freeallarreste,httpst,1
269,stopgenocite,freeallarreste,1
270,stopgenocite,want,1
271,want,cameroon,1
272,cnnmoney,help,1
273,help,httpst,1
274,cnnafrica,need,1
275,need,httpst,1
276,repchrissmith,repmarkmeadow,1
277,repmarkmeadow,httpst,1
278,biya,freeallarreste,1
279,freeallarreste,independencewegot,1
280,hope,visit,2
281,visit,govt,1
282,visit,people,1
283,e,tolerate,2
284,tolerate,ambazonia,2
285,bringbackourinternet,need,1
286,need,age,1
287,biya,cojskjqb8nlb,1
288,biya,stop,2
289,cojskjqb8nlb,cameroon,1
290,stop,abuse,1
291,stop,cameroon,1
292,biya,stop,1
293,stop,cameroonian,1
294,biya,continue,2
295,continue,world,2
296,stop,httpst,1
297,un,stop,1
298,ambazonia,freeallarreste,1
299,freeallarreste,freesoutherncameroon,1
300,cover,cameroon,1
301,cover,freesoutherncameroon,1
302,itvnews,cover,2
303,prpaulbiya,receive,1
304,prpaulbiya,show,1
305,receive,ambazonia,1
306,show,httpst,1
307,stop,hypocrisy,1
308,unsg,stop,1
309,e,refuse,1
310,refuse,freesoutherncameroon,1
311,inform,ukunnewyork,1
312,ouve,inform,1
313,offer,problem,2
314,prpaulbiya,offer,2
315,prpaulbiya,regard,1
316,regard,freesoutherncameroon,1
317,house,stand,2
318,stand,freesoutherncameroon,2
319,accessnow,freeallarreste,2
320,freeallarreste,stopthekilling,2
321,ambazonia,annex,1
322,annex,force,1
323,do,freeourslearder,1
324,prpaulbiya,do,1
325,e,free,1
326,e,freeallarreste,1
327,e,issue,1
328,e,stand,1
329,free,accomplice,1
330,freeallarreste,warning,1
331,issue,warning,1
332,stand,people,1
333,100s,close,1
334,close,httpst,1
335,call,httpst,1
336,ovt,call,1
337,need,bbc,1
338,unhumanrights,need,1
339,mbazonias,want,1
340,want,httpst,1
341,realdonaldtrump,httpst,2
342,snowden,realdonaldtrump,2
343,freeallarreste,republique,1
344,people,freeallarreste,1
345,people,shame,1
346,shame,republique,1
347,houseofcommon,bringbackourinternet,1
348,theresamay,houseofcommon,1
349,ambazonia,freeallarreste,1
350,freeallarreste,freesoutherncameroon,1
351,aminajmohamme,antonioguterre,1
352,praise,antonioguterre,1
353,prpaulbiya,aminajmohamme,1
354,prpaulbiya,praise,1
355,africa,fix,1
356,africa,rack,1
357,fix,httpst,1
358,rack,policy,1
359,declare,genocide,1
360,declare,httpst,1
361,leave,httpst,1
362,menwomeninfirmedchildren,leave,1
363,realdonaldtrump,httpst,1
364,world,declare,2
365,world,realdonaldtrump,1
366,continue,freeourleader,2
367,rep,continue,2
368,cnnafrica,help,1
369,help,unhumanright,1
370,freeallarreste,httpst,1
371,vp,freeallarreste,1
372,iammanyu,see,1
373,see,unsc,1
374,fear,confusion,1
375,fight,fight,1
376,u,fear,1
377,u,fight,1
378,bbcafrica,refuse,1
379,refuse,56yr,2
380,sugar,refuse,1
381,stop,barberism,1
382,usa,stop,1
383,cameroon,understand,2
384,understand,culture,1
385,understand,freedom,1
386,say,httpst,1
387,solidarity,say,1
388,biya,freeallarreste,1
389,biya,label,1
390,freeallarreste,man,1
391,label,terrorist,1
392,freeallarreste,freeayahpaul,1
393,unhumanrights,freeallarreste,1
394,bbcafrica,today,2
395,today,ambazonia,2
396,ajenglish,bringbackourinternet,1
397,bbcafrica,ajenglish,1
398,cease,exist,1
399,exist,cease,1
400,gid,think,1
401,think,people,1
402,fter,go,1
403,go,people,1
404,describe,dog,1
405,nations,describe,1
406,rob,determination,1
407,stop,genocideinsoutherncameroon,1
408,un,rob,1
409,un,stop,1
410,biya,continue,1
411,continue,freesoutherncameroon,1
412,dlaminizuma,freeallarreste,1
413,freeallarreste,bringbackourinternet,1
414,bringbackourinternet,join,1
415,join,campaign,1
416,bringbackourinternet,freeallarreste,1
417,freeallarreste,httpst,1
418,ambazonia,freeallarreste,1
419,freeallarreste,httpst,1
420,mbarakanamozo,thank,1
421,thank,freesoutherncameroon,1
422,freeallarreste,freesoutherncameroon,1
423,freeallarreste,letsi,1
424,thamas,freeallarreste,2
425,kill,mess,1
426,u,kill,1
427,realdonaldtrump,httpst,1
428,unpga,realdonaldtrump,1
429,bringbackourinternet,protestify,1
430,protestify,httpst,1
431,pay,httpst,1
432,prpaulbiya,pay,1
433,stop,httpst,1
434,un,stop,1
435,know,ambazonia,2
436,prpaulbiya,know,2
437,barackobama,stopthegenocide,2
438,stopthegenocide,cameroonian,2
439,antonioguterre,unsc,1
440,un,antonioguterre,1
441,bringbackourinternet,freeallarreste,1
442,freeallarreste,notodictatorship,1
443,amosfofung,continue,2
444,amosfofung,freeallarreste,1
445,continue,httpst,1
446,continue,truth,1
447,freeallarreste,httpst,1
448,biya,freeallarreste,1
449,biya,receive,1
450,freeallarreste,httpst,1
451,receive,alleyesonyou,1
452,make,referendumforsoutherncameroon,1
453,voice,make,1
454,cameroun,live,2
455,live,amp,2
456,amp,educate,1
457,educate,httpst,1
458,educate,southerncameroon,1
459,world,educate,1
460,antonioguterre,unhumanright,1
461,freeallarreste,cameroon,1
462,go,ajstream,1
463,go,cameroon,1
464,shame,antonioguterre,1
465,un,freeallarreste,1
466,un,go,2
467,biya,want,1
468,want,freesoutherncameroon,1
469,innercitypress,join,1
470,join,freesoutherncameroon,1
471,commission,promote,1
472,commission,talk,1
473,promote,multiculturalism,1
474,talk,multiculturalism,1
475,celebrate,httpst,1
476,prpaulbiya,celebrate,1
477,crtvweb,force,1
478,nigeria,try,1
479,prpaulbiya,crtvweb,1
480,try,force,1
481,freeallarreste,cameroon,1
482,freeallarreste,freefontem,1
483,vladduthierscbs,freeallarreste,2
484,innercitypress,say,1
485,say,freesoutherncameroon,1
486,bringbackourinternet,freeallarreste,1
487,freeallarreste,httpst,1
488,eduacate,rape,1
489,un,eduacate,1
490,go,bringbackourinternet,1
491,mbarakanamozo,go,1
492,freeallarreste,freesoutherncameroon,1
493,repkarenbass,freeallarreste,1
494,ajstream,freeallarreste,1
495,freeallarreste,httpst,1
496,question,freesoutherncameroon,1
497,u,question,1
498,feel,freenkongho,1
499,u,feel,1
500,prove,bringbackourinternet,1
501,rrest,prove,1
502,prpaulbiya,stop,1
503,stop,unsc,1
504,un,wait,1
505,wait,cameroon,1
506,antonioguterre,httpst,1
507,protest,force,1
508,un,antonioguterre,1
509,un,protest,1
510,aupsd,freeallarreste,1
511,freeallarreste,httpst,1
512,freeallarreste,freesoutherncameroon,1
513,freenkongho,freeallarreste,1
514,antonioguterre,ambaperspective,2
515,prpaulbiya,antonioguterre,2
516,antonioguterre,httpst,1
517,unhumanrights,antonioguterre,1
518,bring,freesoutherncameroon,1
519,freeourpeople,bring,1
520,aucdpa,httpst,1
521,bbcafrica,aucdpa,1
522,bilan,cadre,1
523,cadre,op,1
524,lead,parliament,1
525,ndam,lead,1
526,appointee,come,2
527,come,cameroon,2
528,iya,set,1
529,set,freesoutherncameroon,1
530,colonise,freesoutherncameroon,1
531,france,colonise,1
532,bilai,call,1
533,bilai,need,1
534,call,antonioguterre,1
535,need,antonioguterre,1
536,guanduania,help,1
537,help,httpst,1
538,mbarakanamozo,think,1
539,think,freesoutherncameroon,1
540,demand,httpst,1
541,unhumanrights,demand,1
542,ambazonia,begin,1
543,ambazonia,call,1
544,ambazonia,let,1
545,ambazonia,love,1
546,ambazonia,make,1
547,begin,job,1
548,call,job,1
549,let,job,1
550,love,job,1
551,make,job,1
552,give,ambazonia,1
553,know,httpst,1
554,prpaulbiya,give,1
555,prpaulbiya,know,1
556,ajenglish,innercitypress,1
557,andrewchappelle,ajenglish,1
558,bringbackourinternet,freeallarreste,1
559,freeallarreste,freesoutherncameroon,1
560,ajenglish,freesoutherncameroon,1
561,bbcafrica,ajenglish,1
562,cocuofuykr1i,unhumanright,1
563,pscotlandcsg,cocuofuykr1i,1
564,bringbackourinternet,freeallarreste,1
565,bringbackourinternet,hank,1
566,freeallarreste,httpst,1
567,hank,innercitypress,1
568,intercongeneva,let,1
569,let,wile,1
570,la,secede,2
571,secede,cameroon,2
572,become,cameroonian,2
573,itbmincom,become,1
574,prpaulbiya,become,1
575,atl,protestify,1
576,protestify,httpst,1
577,drop,antonioguterre,1
578,nigeria,antonioguterre,1
579,say,antonioguterre,1
580,un,drop,1
581,un,nigeria,1
582,un,say,1
583,bringbackourinternet,bringbackourleadersandboy,1
584,bringbackourleadersandboy,freesoutherncameroon,1
585,dibussi,anglophone,1
586,la,dibussi,1
587,la,show,2
588,show,anglophone,1
589,show,httpst,1
590,commit,ambazonia,1
591,prpaulbiya,commit,1
592,freeallarreste,notoschoolresumption,1
593,un,freeallarreste,1
594,realjameswood,crisis,1
595,un,realjameswood,1
596,un,watch,1
597,watch,freesoutherncameroon,1
598,kill,cameroon,1
599,mourn,kill,1
600,mincomcameroun,read,1
601,read,statement,1
602,antonioguterre,cameroon,1
603,un,antonioguterre,1
604,continua,shout,1
605,shout,cameroonian,1
606,bringbackourinternet,freeallarreste,1
607,bringbackourinternet,stop,1
608,freeallarreste,httpst,1
609,stop,genocide,1
610,antonioguterre,httpst,1
611,leahhardingaje,antonioguterre,1
612,amnesty,report,2
613,report,section,2
614,stop,httpst,1
615,unga,stop,1
616,bbc,freeallarreste,1
617,freeallarreste,restorationnow,1
618,paologentiloni,stopthegenocide,1
619,stopthegenocide,commonwealthsec,1
620,befall,ambazonia,1
621,prpaulbiya,befall,1
622,prpaulbiya,torch,1
623,torch,ambazonia,1
624,freeallarreste,httpst,1
625,unhumanrights,freeallarreste,1
626,comedian,see,1
627,see,threat,1
628,bbcbreake,freesoutherncameroon,1
629,jennifertangyie,bbcbreake,1
630,become,african,1
631,dem,become,1
632,ambazonia,send,1
633,ambazonia,withdraw,1
634,d.o,send,2
635,d.o,withdraw,1
636,send,peace,2
637,send,people,1
638,withdraw,troop,2
639,owe,httpst,1
640,southerncameroons,owe,1
641,let,cry,2
642,un,let,2
643,know,ambazonianforlife,1
644,solution,know,1
645,add,intervention,1
646,ls,add,1
647,prpaulbiya,say,1
648,say,httpst,1
649,bringbackourinternet,freeallarreste,1
650,freeallarreste,freesoutherncameroon,1
651,freeallarreste,freesoutherncameroon,1
652,freenkongho,freeallarreste,1
653,bringbackourinternet,get,1
654,get,httpst,1
655,antonioguterre,freesoutherncameroon,1
656,commonwealthsec,antonioguterre,1
657,demiitarize,freesoutherncameroon,1
658,restorationnow,demiitarize,1
659,expose,plan,1
660,god,expose,1
661,realdonaldtrump,ambazonia,1
662,un,realdonaldtrump,1
663,freeallarreste,freeayah,1
664,freenkongho,freeallarreste,1
665,africanunion,antonioguterre,1
666,antonioguterre,httpst,1
667,cameroun,declare,1
668,declare,freesoutherncameroon,1
669,antonioguterre,incarceration,2
670,delay,incarceration,1
671,emmanuelmacron,antonioguterre,2
672,emmanuelmacron,delay,1
673,ambazonia,federate,1
674,centralise,man,2
675,federate,man,1
676,pwr,centralise,2
677,do,ambazonian,1
678,un,do,1
679,demiitarize,freesoutherncameroon,1
680,restorationnow,demiitarize,1
681,la,republique,1
682,la,thank,1
683,republique,httpst,1
684,thank,sir,1
685,freeallarreste,freesoutherncameroon,1
686,snowden,freeallarreste,1
687,ambazonia,free,1
688,free,issue,1
689,go,commonwealthsec,1
690,patriciascotla1,go,1
691,andrewchappelle,asorock,1
692,andrewchappelle,organize,2
693,asorock,exam,1
694,organize,exam,2
695,slaughter,httpst,1
696,soa,stay,1
697,stay,freesoutherncameroon,1
698,yde,slaughter,1
699,biya,suggest,1
700,commonwealthsec,suggest,1
701,suggest,antonioguterre,1
702,suggest,dialogue,1
703,suggest,httpst,1
704,u,suggest,1
705,dhc38353911,remember,1
706,ifortiyahkah,wive,1
707,remember,ambazonia,1
708,wive,jail,1
709,freellarreste,bringbackourinternet,1
710,repandrecarson,freellarreste,1
711,bbcnews,handsoffourchurchleader,1
712,handsoffourchurchleader,freesoutherncameroon,1
713,call,freesoutherncameroon,1
714,call,pple,1
715,la,call,2
716,leavenow,pple,1
717,mag,leavenow,1
718,president,stand,1
719,stand,ayah,1
720,camerountribune,mensonge,1
721,heureusement,light,1
722,light,mensonge,1
723,torchon,camerountribune,1
724,freeallarreste,freesoutherncameroon,1
725,un,freeallarreste,1
726,paulkagame,httpst,1
727,voanews,paulkagame,1
728,emmanuelmacron,watch,1
729,watch,cameroon,1
730,biya,kill,2
731,kill,cameroonian,1
732,kill,genocide,1
733,hagegeingob,say,1
734,say,httpst,1
735,biyas,live,1
736,biyas,pay,1
737,live,roll,1
738,pay,roll,1
739,discuss,lie,2
740,discuss,terrorist,1
741,issatchiromabak,discuss,3
742,cob8k4vpgirm,freesoutherncameroon,1
743,keepiton,cob8k4vpgirm,1
744,enault,get,1
745,enault,reveal,1
746,get,httpst,1
747,reveal,httpst,1
748,bring,freesoutherncameroon,1
749,cameroon,bring,1
750,go,ambazonia,2
751,pulsenigeria247,go,1
752,reutersafrica,go,1
753,look,httpst,1
754,un,look,1
755,bbcafrica,southernanglophone,3
756,southernanglophone,cameroon,2
757,southernanglophone,freesoutherncameroon,1
758,entertain,control,1
759,hen,say,1
760,kumbo,entertain,1
761,kumbo,say,1
762,say,control,2
763,e,tolerate,2
764,tolerate,ambazonia,2
765,give,freedom,2
766,unhumanrights,give,2
767,antonioguterre,fraud,1
768,become,fraud,1
769,un,antonioguterre,1
770,un,become,1
771,ajnewsgrid,httpst,1
772,antonioguterre,play,1
773,un,ajnewsgrid,1
774,un,antonioguterre,1
775,control,freesoutherncameroon,1
776,france,control,1
777,kill,civilian,1
778,moussafakim,kill,1
779,plan,stop,1
780,stop,genocideinsoutherncameroon,1
781,blackhistorymonth,freeallarreste,1
782,freeallarreste,httpst,3
783,nd,freeallarreste,2
784,ambazonia,need,1
785,antonioguterre,freedom,1
786,need,freedom,1
787,un,antonioguterre,1
788,abduct,httpst,1
789,freefombiamstrong,abduct,1
790,happen,httpst,1
791,need,httpst,1
792,weti,happen,1
793,weti,need,1
794,get,bringbackourinternet,1
795,talk,get,1
796,help,report,1
797,un,help,1
798,come,freesoutherncameroon,1
799,ishop,come,1
800,freeallarreste,httpst,1
801,freenkongho,freeallarreste,1
802,albertnchinda,occupy,1
803,occupy,camanpour,1
804,convict,freesoutherncameroon,1
805,convict,way,1
806,god,convict,2
807,freeallarreste,restorationnow,1
808,frm,freeallarreste,1
809,antonioguterre,httpst,1
810,paulbiya,antonioguterre,1
811,freeallarreste,bringbackourinternet,1
812,lilyambas,freeallarreste,1
813,antonioguterre,freesoutherncameroon,1
814,un,antonioguterre,1
815,believe,blackonblackcolonization,1
816,prpaulbiya,believe,1
817,baptistcomm,handsoffourchurche,1
818,handsoffourchurche,aumembership,1
819,see,httpst,1
820,street,see,1
821,africa,result,1
822,result,freesoutherncameroon,1
823,ajenglish,place,1
824,cnnafrica,ajenglish,1
825,cameroun,want,2
826,want,httpst,2
827,give,hope,1
828,ntaniali,give,1
829,ntaniali,said,2
830,said,hope,1
831,said,smile,1
832,crtvweb,know,1
833,know,truth,1
834,freeallarreste,antonioguterre,1
835,newtgingrich,freeallarreste,1
836,kofiannan,speak,1
837,speak,httpst,1
838,bringbackourinternet,stopthegenocide,1
839,stopthegenocide,httpst,1
840,nxt,innercitypress,1
841,rohingyas,nxt,1
842,bbcnews,cbsnew,1
843,bbcnews,rrest,1
844,cbsnew,innercitypress,1
845,rrest,humanity,1
846,freeallarreste,freesoutherncameroon,1
847,keepiton,freeallarreste,1
848,237dialogue,initiate,1
849,initiate,httpst,1
850,freeallarreste,demilitarizesoutherncameroon,1
851,tarke1tarke,freeallarreste,1
852,center,hold,1
853,hold,httpst,1
854,raise,bbcnew,1
855,unspokesperson,raise,1
856,await,freesoutherncameroon,1
857,make,freesoutherncameroon,1
858,un,await,1
859,un,make,1
860,handsoffourchurche,httpst,1
861,unhumanrights,handsoffourchurche,1
862,endeley,freeallarreste,1
863,endeley,predict,2
864,freeallarreste,httpst,1
865,predict,httpst,3
866,un,predict,1
867,freeallarreste,stopgenocide,1
868,nough,freeallarreste,1
869,biya,sheyyungri,1
870,biya,stop,2
871,sheyyungri,httpst,1
872,stop,httpst,2
873,continue,detainee,1
874,prpaulbiya,continue,1
875,cameroon,hand,1
876,hand,nation,1
877,freeallarreste,httpst,1
878,vp,freeallarreste,1
879,bringbackourinternet,freeallarreste,1
880,freeallarreste,httpst,1
881,freeallarreste,letsi,1
882,smithjeffreyt,freeallarreste,1
883,come,comrade,1
884,god,come,1
885,god,help,1
886,help,catalonia,1
887,mbarakanamozo,take,1
888,take,freesoutherncameroon,1
889,discontinue,httpst,2
890,itroen,discontinue,2
891,freeallarreste,freesoutherncameroon,1
892,freenkongho,freeallarreste,1
893,freeallarreste,restorationnow,2
894,plolumumbah,freeallarreste,2
895,commonwealthsec,look,1
896,look,arrest,1
897,camer24,eliesmith,1
898,eliesmith,httpst,1
899,freeallareste,freesoutherncameroon,1
900,freemanchobibixy,freeallareste,1
901,freemanchobibixy,tweet,1
902,tweet,freesoutherncameroon,1
903,commonwealthsec,kill,2
904,kill,httpst,2
905,amnestyusa,freeallareste,1
906,freeallareste,freesoutherncameroon,1
907,biya,declare,1
908,declare,httpst,1
909,orangecameroun,take,2
910,take,datum,1
911,take,rubbish,1
912,bbcnews,need,1
913,need,freesoutherncameroon,1
914,2day,refer,1
915,refer,bull,3
916,u,refer,2
917,federalrepublicofambazonia,freeallarreste,1
918,freeallarreste,idiet,1
919,breakingnew,southerncameroon,1
920,elp,breakingnew,1
921,handsoffourchurche,httpst,1
922,unicefusa,handsoffourchurche,1
923,lie,bringbackourinternetplease,1
924,un,lie,1
925,antonioguterre,httpst,1
926,unspokesperson,antonioguterre,1
927,freeallarreste,antonioguterre,1
928,unhumanrights,freeallarreste,1
929,crtvweb,freeallarreste,1
930,freeallarreste,freeayah,1
931,prpaulbiya,understand,1
932,understand,ambazonia,1
933,prpaulbiya,see,1
934,see,httpst,1
935,freeallarreste,freesoutherncameroon,1
936,resolution1608,freeallarreste,1
937,africaforward,handsoffourchurche,1
938,handsoffourchurche,httpst,1
939,freeallarreste,sun,1
940,hide,sun,1
941,oth,freeallarreste,1
942,oth,hide,1
943,freeallarreste,cameroon,1
944,keepiton,freeallarreste,1
945,keepiton,make,1
946,make,cameroon,1
947,ambazonia,freeallarreste,1
948,freeallarreste,httpst,1
949,africa,freeallareste,1
950,africa,suffer,1
951,freeallareste,httpst,1
952,suffer,httpst,1
953,antonioguterre,violation,1
954,seek,change,1
955,un,antonioguterre,1
956,un,seek,1
957,know,freesoutherncameroon,1
958,mimimefo237,know,1
959,deny,freedom,1
960,freeallarreste,freedom,1
961,rtcom,deny,1
962,rtcom,freeallarreste,1
963,commonwealth,respond,2
964,respond,httpst,2
965,ajnewsgrid,sisikuayuktabe,1
966,gb,ajnewsgrid,1
967,gb,refuse,1
968,gb,say,2
969,hate,say,1
970,refuse,ambazonia,1
971,say,ambazonia,2
972,say,sisikuayuktabe,1
973,speak,bringbackourinternet,1
974,techcrunch,speak,1
975,help,country,1
976,help,httpst,1
977,uk,help,2
978,emember,freeallarreste,1
979,emember,keep,1
980,freeallarreste,freedom,1
981,keep,freedom,1
982,come,httpst,2
983,takumbeng,come,2
984,cnnbrk,freeallarreste,1
985,freeallarreste,time,1
986,beatriceijang,httpst,1
987,pennsenator,beatriceijang,1
988,add,killing,1
989,cameroon,add,1
990,amnesty,prove,2
991,prove,amnestywaro,2
992,add,httpst,1
993,bbcafrica,add,1
994,blackmail,freesoutherncameroon,1
995,ou,blackmail,1
996,freeallarreste,ambazonia,1
997,mtnccare,ambazonia,1
998,sisikuayuktabe,freeallarreste,1
999,sisikuayuktabe,mtnccare,1
1000,bury,httpst,1
1001,bury,preach,1
1002,u,bury,2
1003,freeallarreste,freesoutherncameroon,1
1004,redcross,freeallarreste,1
1005,continue,eucommission,1
1006,prpaulbiya,continue,1
1007,aminajmohamme,genocideinsoutherncameroon,1
1008,njayuk,aminajmohamme,1
1009,historyyou,know,2
1010,know,people,2
1011,ambazonia,freeallarreste,2
1012,ambazonia,stop,2
1013,freeallarreste,cameroon,1
1014,freeallarreste,httpst,1
1015,stop,abuse,1
1016,stop,cameroon,1
1017,freeallarreste,restorationnow,2
1018,lrc,freeallarreste,2
1019,freeallarreste,stopbiyasgenocide,1
1020,restorationnow,freeallarreste,1
1021,restorationnow,unnewscentre,1
1022,unnewscentre,stopbiyasgenocide,1
1023,amnestywaro,antonioguterre,1
1024,amnestywaro,continue,1
1025,antonioguterre,httpst,1
1026,continue,httpst,1
1027,keeping,update,1
1028,update,httpst,1
1029,ambazonia,fabricate,1
1030,ambazonia,form,1
1031,ambazonia,realdonaldtrump,1
1032,fabricate,httpst,1
1033,form,biafran,1
1034,realdonaldtrump,httpst,1
1035,africanunion,antonioguterre,1
1036,antonioguterre,freesoutherncameroon,1
1037,catch,bamenda,1
1038,ouala,catch,1
1039,antonioguterre,restorationnow,1
1040,kill,civilian,1
1041,unsc,antonioguterre,1
1042,unsc,kill,1
1043,aminajmohamme,thousand,1
1044,un,aminajmohamme,1
1045,fix,httpst,2
1046,un,fix,2
1047,bbcbreake,freesoutherncameroon,1
1048,cnnbrk,bbcbreake,1
1049,do,httpst,1
1050,god,do,1
1051,god,help,1
1052,help,httpst,1
1053,add,world,1
1054,ls,add,1
1055,catch,sir,1
1056,endeley,catch,1
1057,endeley,say,1
1058,say,sir,1
1059,africans,freeallareste,1
1060,africans,suffrer,1
1061,freeallareste,httpst,1
1062,suffrer,httpst,1
1063,bringbackourinternet,releaseallareste,1
1064,releaseallareste,httpst,1
1065,africatechie,free,1
1066,africatechie,take,1
1067,free,war,1
1068,take,war,1
1069,france,kill,2
1070,kill,httpst,2
1071,cafonline,take,1
1072,take,freesoutherncameroon,1
1073,antonioguterre,freesoutherncameroon,1
1074,genocide,antonioguterre,1
1075,cnn,unocanew,1
1076,unocanew,httpst,1
1077,donkantona,keep,2
1078,keep,freesoutherncameroon,2
1079,army,kidnap,1
1080,kidnap,httpst,1
1081,freeallarreste,freesoutherncameroon,1
1082,unhumanrights,freeallarreste,1
1083,bringbackourinternet,cry,1
1084,cry,snowden,1
1085,freeallarreste,httpst,1
1086,vp,freeallarreste,1
1087,freeallarreste,freeayah,1
1088,freenkongho,freeallarreste,1
1089,ampdisorder,realdonaldtrump,1
1090,realdonaldtrump,antonioguterre,1
1091,freeallarreste,britishparliaman,1
1092,uscongress,freeallarreste,1
1093,paulbiya,protect,1
1094,protect,terrorist,1
1095,declare,acce,1
1096,un,declare,1
1097,un,violate,1
1098,violate,freesoutherncameroon,1
1099,france,want,2
1100,want,resource,1
1101,want,southerncameroonian,1
1102,bringbackourinternet,freeallarreste,1
1103,bringbackourinternet,hank,1
1104,freeallarreste,httpst,1
1105,hank,nchrf,1
1106,follow,freesoutherncameroon,1
1107,mbarakanamozo,follow,1
1108,hare,love,1
1109,love,lexremi,1
1110,di,freeallarreste,1
1111,di,give,2
1112,freeallarreste,attack,1
1113,give,attack,2
1114,repkarenbass,stop,1
1115,stop,thank,1
1116,mahernasserun,take,2
1117,take,freesoutherncameroon,1
1118,take,people,1
1119,biya,happen,2
1120,biya,take,1
1121,happen,community,2
1122,take,community,1
1123,cameroon,lend,1
1124,lend,httpst,1
1125,bringbackoutinternet,help,1
1126,help,freesoutherncameroon,1
1127,aminajmohamme,country,1
1128,cnni,aminajmohamme,1
1129,council,say,2
1130,say,httpst,1
1131,say,restorationnow,1
1132,expect,dictator,1
1133,intercongeneva,expect,1
1134,go,biya,1
1135,prpaulbiya,go,1
1136,prpaulbiya,realdonaldtrump,1
1137,realdonaldtrump,biya,1
1138,recognize,httpst,1
1139,un,recognize,1
1140,bringbackourinternet,freeallarreste,1
1141,freeallarreste,freesoutherncameroon,1
1142,ambazonia,freeallarreste,1
1143,choayaba,southerncameroon,1
1144,freeallarreste,southerncameroon,1
1145,sisikuayuktabe,choayaba,1
1146,handsoffourchurche,httpst,1
1147,pontifex,handsoffourchurche,1
1148,calme,paye,1
1149,paye,httpst,1
1150,face,see,2
1151,grow,person,2
1152,hen,grow,2
1153,see,person,1
1154,see,room,1
1155,antonioguterre,freesoutherncameroon,1
1156,resolution1608,antonioguterre,1
1157,freeallarreste,people,1
1158,paulbiya,freeallarreste,1
1159,paulbiya,take,1
1160,take,hostage,1
1161,electorate,power,1
1162,jakiri,electorate,1
1163,jakiri,listen,2
1164,listen,httpst,1
1165,listen,parliament,1
1166,ask,freesoutherncameroon,1
1167,cnni,ask,1
1168,aminajmohamme,independence,1
1169,fix,thing,1
1170,kofiannan,aminajmohamme,1
1171,kofiannan,fix,1
1172,force,b4,1
1173,imagine,b4,1
1174,imagine,class,1
1175,imagine,force,1
1176,imagine,imagine,2
1177,kahwalla,show,1
1178,show,crying,1
1179,bringbackourinternet,freeallarreste,1
1180,freeallarreste,freesoutherncameroon,1
1181,believe,httpst,1
1182,bringbackourinternet,believe,1
1183,freeallarreste,httpst,1
1184,vp,freeallarreste,1
1185,ambazonia,freeallarreste,1
1186,freeallarreste,httpst,1
1187,ajenglish,httpst,1
1188,cnnafrica,ajenglish,1
1189,mbarakanamozo,read,1
1190,read,freesoutherncameroon,1
1191,advise,freesoutherncameroon,1
1192,advise,peace,1
1193,angry,freesoutherncameroon,1
1194,annan,advise,1
1195,kofiannan,advise,1
1196,kofiannan,angry,1
1197,enter,phase,1
1198,prpaulbiya,enter,1
1199,prpaulbiya,withdraw,1
1200,withdraw,httpst,1
1201,stop,dictator,1
1202,un,stop,1
1203,bringbackourinternet,freeallarreste,1
1204,freeallarreste,httpst,1
1205,call,liberate,1
1206,call,take,1
1207,liberate,cameroon,1
1208,take,parktown,1
1209,faonews,wfp,1
1210,wfp,refugee,1
1211,ay292,jail,1
1212,nikkihaley,ay292,1
1213,demiitarize,freesoutherncameroon,1
1214,restorationnow,demiitarize,1
1215,come,freesoutherncameroon,1
1216,mbarakanamozo,come,1
1217,ambazonia,free,1
1218,ambazonia,stop,2
1219,free,ambazonian,1
1220,stop,ambazonian,1
1221,stop,parliament,1
1222,ebenezerbaa,freeallareste,1
1223,freeallareste,freesoutherncameroon,1
1224,address,httpst,2
1225,rm,address,2
1226,antonioguterre,freesoutherncameroon,1
1227,unspokesperson,antonioguterre,1
1228,die,innercitypress,1
1229,indpndnce,die,1
1230,clown,take,1
1231,clown,want,1
1232,take,side,1
1233,want,httpst,1
1234,implement,point,1
1235,un,implement,1
1236,bringbackourinternet,freeallarreste,1
1237,freeallarreste,httpst,1
1238,bbcworld,freeallarreste,1
1239,freeallarreste,freesoutherncameroon,1
1240,give,crisis,1
1241,prpaulbiya,give,1
1242,get,httpst,1
1243,itbmincom,get,1
1244,antonioguterre,httpst,1
1245,cnnafrica,antonioguterre,1
1246,bbc,tell,1
1247,tell,httpst,1
1248,adenobert,lose,1
1249,lose,freesoutherncameroon,1
1250,antonioguterre,crisis,1
1251,freeallarreste,crisis,1
1252,hy,antonioguterre,1
1253,hy,freeallarreste,1
1254,cameroon,propose,1
1255,cameroon,say,1
1256,freeallarreste,httpst,1
1257,freemancho,freeallarreste,1
1258,propose,httpst,1
1259,say,httpst,1
1260,emmanuelmacron,paulkagame,1
1261,paulkagame,httpst,1
1262,freenkongho,let,2
1263,freenkongho,make,1
1264,let,tweet,2
1265,make,tweet,1
1266,biya,restore,1
1267,restore,httpst,1
1268,restorationnow,httpst,1
1269,southerncameroons,restorationnow,1
1270,southerncameroons,transfer,1
1271,transfer,master,1
1272,bringbackourinternet,freeallarreste,1
1273,freeallarreste,httpst,1
1274,leave,annexation,1
1275,un,leave,1
1276,grant,independence,2
1277,un,grant,2
1278,breakingnew,httpst,1
1279,cnn,breakingnew,1
1280,doubt,cameroonian,1
1281,doubt,reason,1
1282,freeallarreste,cameroonian,1
1283,unspokesperson,doubt,2
1284,unspokesperson,freeallarreste,1
1285,aucdpa,httpst,1
1286,enemys,aucdpa,1
1287,enemys,say,2
1288,say,misunderstood,2
1289,e,know,1
1290,know,httpst,1
1291,bringbackourinternet,freeallarreste,1
1292,freeallarreste,httpst,1
1293,adeolafayehun,freeallarreste,1
1294,freeallarreste,freesoutherncameroon,1
1295,endorse,trusteeship,2
1296,un,endorse,2
1297,bless,freesoutherncameroon,1
1298,forewarn,freesoutherncameroon,1
1299,god,bless,1
1300,god,forewarn,1
1301,god,note,2
1302,note,freesoutherncameroon,2
1303,arrest,violence,1
1304,itbmincom,respect,1
1305,prpaulbiya,arrest,1
1306,respect,law,1
1307,militarize,ambazonia,1
1308,ou,militarize,1
1309,hank,freesoutherncameroon,1
1310,un,hank,1
1311,iamcarita,httpst,2
1312,sun,iamcarita,2
1313,forget,africanunion,1
1314,ont,forget,1
1315,freeallarreste,refugee,1
1316,un,freeallarreste,1
1317,need,freesoutherncameroon,1
1318,un,need,1
1319,ask,politic,2
1320,freeallarreste,freesoutherncameroon,1
1321,paulbiya,ask,1
1322,un,ask,1
1323,un,freeallarreste,1
1324,ambazonia,list,1
1325,list,agreement,1
1326,cameroun,hide,1
1327,hide,internet,1
1328,antonioguterre,brutality,1
1329,republique,brutality,1
1330,un,antonioguterre,1
1331,un,republique,1
1332,bbc,believe,2
1333,believe,httpst,1
1334,believe,machine,1
1335,condemn,sound,2
1336,crtvweb,condemn,2
1337,ambazonia,freeallarreste,1
1338,freeallarreste,sisikuayuktabe,1
1339,bringbackourinternet,continue,1
1340,continue,slaughter,1
1341,freeallarreste,freesoutherncameroon,1
1342,freendango,freeallarreste,1
1343,ambazonia,reject,2
1344,reject,surveillance,1
1345,reject,use,1
1346,draw,school,2
1347,irinabokova,draw,2
1348,bbcafrica,need,1
1349,need,httpst,1
1350,do,right,2
1351,republic,do,2
1352,republic,speak,1
1353,republic,visit,1
1354,speak,right,1
1355,visit,statue,1
1356,respond,httpst,1
1357,un,respond,1
1358,ameroon,fail,1
1359,fail,freesoutherncameroon,1
1360,etaine,journalism,1
1361,go,cameroon,1
1362,go,httpst,1
1363,nganang,etaine,1
1364,nganang,go,2
1365,bring,httpst,1
1366,paulbiya,bring,1
1367,kill,freesoutherncameroon,1
1368,stil,kill,1
1369,atlast,say,1
1370,bringbackourinternet,handsoffourchurche,1
1371,handsoffourchurche,bringbackourleader,1
1372,say,bringbackourleader,1
1373,theeconomist,washtime,1
1374,washtime,freesoutherncameroon,1
1375,know,ambazonia,1
1376,wish,know,1
1377,maintain,e,1
1378,un,maintain,1
1379,un,want,1
1380,want,httpst,1
1381,help,cameroon,1
1382,kill,cameroon,1
1383,prpaulbiya,help,1
1384,prpaulbiya,kill,1
1385,commonwealth,pride,1
1386,pride,visit,1
1387,ambazonia,stand,1
1388,stand,unity,1
1389,ban,httpst,1
1390,reject,ban,1
1391,exist,scs,2
1392,grant,scs,1
1393,un,exist,2
1394,un,grant,1
1395,civilians,release,1
1396,release,bringbackourinternet,1
1397,nforeugene,protestify,1
1398,protestify,freesoutherncameroon,1
1399,pontifex,tell,1
1400,shld,tell,1
1401,tell,freesoutherncameroon,2
1402,biya,stop,1
1403,stop,cameroon,1
1404,equip,httpst,1
1405,paulbiya,equip,1
1406,freenkongho,protestify,1
1407,protestify,freesoutherncameroon,1
1408,freeallarreste,httpst,1
1409,unhumanrights,freeallarreste,1
1410,delay,httpst,1
1411,ustice,delay,1
1412,freeallarreste,bringbackourinternet,1
1413,prpaulbiya,freeallarreste,1
1414,feel,freesoutherncameroon,1
1415,guess,humanity,1
1416,itbmincom,feel,1
1417,itbmincom,guess,1
1418,cameroon,realize,2
1419,cameroon,strugglecontinue,1
1420,realize,ambazonia,2
1421,strugglecontinue,ambazonia,1
1422,bringbackourinternet,freeallarreste,2
1423,freeallarreste,httpst,2
1424,save,life,1
1425,unmas,save,1
1426,address,freesoutherncameroon,1
1427,fifacom,address,1
1428,bringbackourinternet,freeallarreste,1
1429,freeallarreste,httpst,1
1430,antonioguterre,httpst,1
1431,nikkihaley,antonioguterre,1
1432,come,ambazonia,1
1433,hope,come,1
1434,jimyongkim,save,1
1435,save,ambazonia,1
1436,kill,1000,1
1437,need,bokoharam,1
1438,usa,kill,1
1439,usa,need,1
1440,e,remain,1
1441,remain,world,1
1442,cameroun,want,1
1443,want,treaty,1
1444,block,people,1
1445,militarize,httpst,1
1446,town,block,1
1447,town,militarize,1
1448,la,lie,1
1449,lie,httpst,1
1450,boycott,lie,1
1451,french,boycott,1
1452,antonioguterre,freesoutherncameroon,1
1453,pontifex,antonioguterre,1
1454,freeallareste,freesoutherncameroon,1
1455,mbarakanamozo,freeallareste,1
1456,un,unite4heritage,1
1457,unite4heritage,paulbyia,1
1458,4gette,uve,1
1459,prpaulbiya,4gette,1
1460,cnnbrk,germanyun,1
1461,germanyun,antonioguterre,1
1462,camanpour,freeallarreste,1
1463,freeallarreste,antonioguterre,1
1464,dictateur,francediplo,1
1465,francediplo,cameroun,1
1466,freeallarreste,cameroun,1
1467,rwanda,freeallarreste,1
1468,freeallarreste,freesoutherncameroon,1
1469,smithjeffreyt,freeallarreste,1
1470,put,freesoutherncameroon,2
1471,shame,put,2
1472,injustice,prove,1
1473,prove,freesoutherncameroon,1
1474,add,httpst,1
1475,ls,add,1
1476,antonioguterre,httpst,1
1477,un,antonioguterre,1
1478,ambazonia,freeallarreste,1
1479,freeallarreste,httpst,1
1480,freeallarreste,bringbackourinternet,1
1481,tylerperry,freeallarreste,1
1482,glorify,hunter,1
1483,mlpofficiel,glorify,1
1484,bringbackourinternet,need,1
1485,need,cameroon,1
1486,ambazonia,stand,1
1487,stand,httpst,1
1488,take,path,1
1489,unga722017,take,1
1490,cnnafrica,need,1
1491,need,freesoutherncameroon,1
1492,act,crisis,1
1493,act,stake,1
1494,inform,crisis,1
1495,intlcrimcourt,act,2
1496,intlcrimcourt,inform,1
1497,france,impose,1
1498,france,indebtimpoverishenslave,1
1499,impose,tax,1
1500,indebtimpoverishenslave,tool,1
1501,boycott,innercitypress,1
1502,unga,boycott,1
1503,carry,httpst,1
1504,generalelokobi,carry,1
1505,kill,civilian,1
1506,un,kill,1
1507,aucdpa,unhumanright,1
1508,undpa,aucdpa,1
1509,bringbackourinternet,freeallarreste,2
1510,freeallarreste,cameroon,2
1511,intensify,prophet,1
1512,scoantbjoshua,intensify,1
1513,britain,look,1
1514,britain,rectify,1
1515,look,warrant,1
1516,rectify,southerncameroon,1
1517,ropangada,subscribe,2
1518,subscribe,httpst,2
1519,channel4news,send,1
1520,send,freesoutherncameroon,1
1521,knw,want,1
1522,want,httpst,1
1523,add,httpst,1
1524,ls,add,1
1525,hose,make,1
1526,make,httpst,1
1527,freeallarreste,freesoutherncameroon,1
1528,nadine,freeallarreste,1
1529,coazmrzigxhg,hit,1
1530,coazmrzigxhg,learn,1
1531,hit,httpst,1
1532,learn,httpst,1
1533,milla,speak,1
1534,speak,httpst,1
1535,cameroun,freeallarreste,1
1536,freeallarreste,httpst,1
1537,conclave,httpst,1
1538,conclave,people,1
1539,post,conclave,2
1540,antonioguterres,freeallarreste,1
1541,freeallarreste,httpst,1
1542,help,httpst,1
1543,keepiton,help,1
1544,flee,truth,1
1545,wirba,flee,1
1546,france24,stopthegenocide,1
1547,stopthegenocide,httpst,1
1548,foncha,freeallarreste,1
1549,foncha,take,1
1550,freeallarreste,httpst,1
1551,take,power,1
1552,africa,take,1
1553,take,freesoutherncameroon,1
1554,e,want,1
1555,want,freesoutherncameroon,1
1556,appoint,httpst,1
1557,onsensewho,appoint,1
